{"cameraMode":{"drawMode":0,"name":"Shaded","section":"Shading Mode"},"sceneLighting":true,"audioPlay":false,"sceneViewState":{"m_AlwaysRefresh":false,"showFog":true,"showSkybox":true,"showFlares":true,"showImageEffects":true,"showParticleSystems":true,"showVisualEffectGraphs":true,"m_FxEnabled":true},"in2DMode":false,"pivot":{"x":-11.92626667022705,"y":5.772017955780029,"z":2.2802348136901857},"rotation":{"x":0.0003097214794252068,"y":0.005995153449475765,"z":-0.00000185769761174015,"w":0.9999812841415405},"size":13.197027206420899,"orthographic":false}